{
  "Cursos": [
    {
      "id": 1,
      "nombre": "Curso de Fibra Optica",
      "imagen": "Tecnologia.jpeg",
      "categoriaIds": [1],
      "duracion": "10 semanas",
      "cargaHoraria": "40 horas",
      "diasHorarios": "Lunes y Miércoles 16:00 - 18:00",
      "inicio": "12/03/2025",
      "lugar": "Aula 1, Escuela de Oficios",
      "descripcion": "Formación práctica en la instalación, mantenimiento y reparación de redes de fibra óptica, cubriendo conceptos clave y herramientas especializadas",
      "logros": [
        "Certificado de finalización",
        "Habilidad en la instalación y mantenimiento de redes de fibra óptica"
      ],
      "requisitos": [
        "Conocimientos básicos de electricidad",
        "Ganas de aprender y trabajar con tecnología"
      ]
    },
    {
      "id": 2,
      "nombre": "Curso de Electricidad Básica",
      "imagen": "electricista.jpg",
      "categoriaIds": [2],
      "duracion": "10 semanas",
      "cargaHoraria": "40 horas",
      "diasHorarios": "Miercoles y Viernes 18:00 - 20:00",
      "inicio": "22/03/2025",
      "lugar": "Aula 2, Escuela de Oficios",
      "descripcion": "Formación en la instalación y mantenimiento de sistemas eléctricos residenciaes e industriales.",
      "logros": [
        "Certificado de finalización",
        "Instalación de circuitos eléctricos básicos"
      ],
      "requisitos": [
        "Conocimientos básicos en electricidad",
        "Interés por aprender sobre electricidad"
      ]
    },
    {
      "id": 3,
      "nombre": "Curso de Filosofia",
      "imagen": "filosofia.jpg",
      "categoriaIds": [2],
      "duracion": "10 semanas",
      "cargaHoraria": "40 horas",
      "diasHorarios": "Sábados 9:00 - 13:00",
      "inicio": "13/04/2025",
      "lugar": "Aula 2, Escuela de Oficios",
      "descripcion": "Un recorrido por las principales corrientes filosóficas, abordando conceptos clave del pensamiento crítico y la ética.",
      "logros": [
        "Certificado de finalización",
        "Desarrolo del pensamiento crítico"
      ],
      "requisitos": [
        "Interés por aprender sobre filosofia"
      ]
    },
    {
      "id": 4,
      "nombre": "Curso de Excel",
      "imagen": "excel.jpg",
      "categoriaIds": [1],
      "duracion": "8 semanas",
      "cargaHoraria": "32 horas",
      "diasHorarios": "Martes y Jueves 18:00 - 20:00",
      "inicio": "05/03/2025",
      "lugar": "Aula 1, Escuela de Oficios",
      "descripcion": "Aprende desde los conceptos básicos hasta las herramientas avanzadas de Excel, como tablas dinpamicas, funciones, macros y automatización de procesos.",
      "logros": [
        "Certificado de finalización",
        "Manejo Avanzado de Excel"
      ],
      "requisitos": [
        "Conocimiento básico de computadoras",
        "Interés por aprender sobre Excel"
      ]
    },
    {
      "id": 5,
      "nombre": "Curso de Marketing Digital",
      "imagen": "Marketing.jpg",
      "categoriaIds": [1],
      "duracion": "12 semanas",
      "cargaHoraria": "48 horas",
      "diasHorarios": "Lunes y Miercoles 19:00 - 21:00",
      "inicio": "15/03/2025",
      "lugar": "Aula 1, Escuela de Oficios",
      "descripcion": "En este curso aprenderas como impulsar tu negocio con estrategias de marketing en redes sociales, SEO, SEM, y creación de campañas publicitarias efectivas.",
      "logros": [
        "Certificado de finalización",
        "Creación de campañas de anuncios en Google y redes sociales."
      ],
      "requisitos": [
        "Conocimiento básico de redes sociales",
        "Interés por impulsar tus ideas"
      ]
    },
    {
      "id": 6,
      "nombre": "Curso de Diseño Web",
      "imagen": "DiseñoWeb.jpg",
      "categoriaIds": [1],
      "duracion": "14 semanas",
      "cargaHoraria": "56 horas",
      "diasHorarios": "Martes y Jueves 17:00 - 19:00",
      "inicio": "10/04/2025",
      "lugar": "Aula 1, Escuela de Oficios",
      "descripcion": "En este curso aprenderas a construir sitios web modernos utilizando HTML, CSS, JavaScript y frameworks como React.",
      "logros": [
        "Certificado de finalización",
        "Desarrollo de sitios web responsivos"
      ],
      "requisitos": [
        "Conocimiento básico de computadoras",
        "Interés por crear tu propio sitio web"
      ]
    },
    {
      "id": 7,
      "nombre": "Curso de Introducción a Python",
      "imagen": "Python.jpg",
      "categoriaIds": [1],
      "duracion": "8 semanas",
      "cargaHoraria": "32 horas",
      "diasHorarios": "Sábados 10:00 - 14:00",
      "inicio": "20/04/2025",
      "lugar": "Aula 1, Escuela de Oficios",
      "descripcion": "Introducción a la programación con Python, abordando desde la sintaxis básica hasta el desarrolo de pequeños proyectos.",
      "logros": [
        "Certificado de finalización",
        "Conocimiento de estructuras de datos y algoritmos básicos"
      ],
      "requisitos": [
        "Conocimiento básico de computadoras",
        "Interés por aprender sobre el desarrolo en Python"
      ]
    },
    {
      "id": 8,
      "nombre": "Curso de Reparación de Aires Acondicionados",
      "imagen": "AireAcondicionado.jpg",
      "categoriaIds": [2],
      "duracion": "12 semanas",
      "cargaHoraria": "48 horas",
      "diasHorarios": "Martes y Jueves 10:00 - 12:00",
      "inicio": "15/04/2025",
      "lugar": "Aula 2, Escuela de Oficios",
      "descripcion": "Capacitación en la instalación, mantenimiento y reparación de equipos de aire acondicionado domésticos y comerciales.",
      "logros": [
        "Certificado de finalización",
        "Mantenimiento preventivo y correctivo"
        
      ],
      "requisitos": [
        "Conocimiento básico de electricidad",
        "Interés por aprender a reparar aires acondicionados"
      ]
    },
    {
      "id": 9,
      "nombre": "Curso de Carpinteria",
      "imagen": "Carpinteria.jpg",
      "categoriaIds": [2],
      "duracion": "16 semanas",
      "cargaHoraria": "64 horas",
      "diasHorarios": "Martes y Jueves 15:00 - 17:00",
      "inicio": "15/04/2025",
      "lugar": "Aula 2, Escuela de Oficios",
      "descripcion": "Capacitación práctica en el uso de herramientas manuales y eléctricas para la frabricación de muebles y estructuras de madera.",
      "logros": [
        "Certificado de finalización",
        "Una Mesita fabricada en el curso"
      ],
      "requisitos": [
        "Conocimiento básico de en manejo de herramientas",
        "Interés por la carpinteria"
      ]
    }
  ]
}
